Product Stock Number,Product EAN,Product Manufacturer Code,Product Title,Retail,Width,Aspect Ratio,Rim,Speed Rating,Load Index,Reinforced,Vehicle Type,Product Type,Runflat,Rolling Resistance,Wet Grip,Noise Performance,Noise Class Type,EC Vehicle Class,Additional Info,OE Fitment,Product Channel Available,Product Channel Lead Time,Product Channel Source Supplier ID,Brand Name
2057516RKU2171483,8808956141721,2171483,205/75R16 110/108R KUMHO PORTRAN CW51,76.67,205,75,16,R,110/108,,VAN,WINTER,FALSE,D,C,71,2,C2,,,12,2 Days,2,KUMHO
2055516HYOF2368,4968814759759,F2368,205/55R16 91H YOKOHAMA W.DRIVE RF,111,205,55,16,H,91,,CAR,WINTER,TRUE,E,C,72,2,C1,,,4,2 Days,2,YOKOHAMA
2155516VPI2329900,8019227232998,2329900,215/55R16 93V PIRELLI CINTURATO P7,111,215,55,16,V,93,,CAR,SUMMER,FALSE,C,B,70,2,C1,,,5,2 Days,2,PIRELLI
1956516RMI973952,3528709739528,973952,195/65R16 104/102R MICHELIN AGILIS ALPIN,123.5,195,65,16,R,104/102,,VAN,WINTER,FALSE,D,B,70,1,C2,,,2,2 Days,2,MICHELIN
2055516VWIW32416,6970146112025,W32416,205/55R16 91V WINRUN R330 Runflat,71.67,205,55,16,V,91,,CAR,SUMMER,TRUE,D,C,2,71,C1,,,6,2 Days,2,WINRUN
2056516TKU2175773,8808956141356,2175773,205/65R16 107/105T KUMHO PORTRAN CW51,82.5,205,65,16,T,107/105,,VAN,WINTER,FALSE,D,C,71,2,C2,,,12,2 Days,2,KUMHO
2055516VMI777386,3528707773869,777386,205/55R16 91V MICHELIN PRIMACY 4,98.33,205,55,16,V,91,,CAR,SUMMER,FALSE,C,A,68,1,C1,,,30,In Stock,0,MICHELIN
29580225LMI032054,3528700320541,32054,295/80R22.5 152/148L MICHELIN X MULTIWAY 3D XDE,212.67,295,80,22.5,L,152/148,,TRUCK,SUMMER,FALSE,D,C,75,2,C3,,,8,2 Days,2,MICHELIN
2055516VGO528503,5452000655622,528503,205/55R16 91V GOODYEAR EFFICIENTGRIP PERFORMANCE EVR,75,205,55,16,V,91,,CAR,SUMMER,FALSE,B,A,70,2,C1,EVR,,4,2 Days,2,GOODYEAR
2055516WGO528504,5452000655639,528504,205/55R16 91W GOODYEAR EFFICIENTGRIP PERFORMANCE,66.67,205,55,16,W,91,SL,CAR,SUMMER,FALSE,B,A,68,1,C1,,,4,2 Days,2,GOODYEAR
1955516HTO2284999,4981910734710,2284999,195/55R16 87H TOYO PROXES CF2,70.83,195,55,16,H,87,,CAR,SUMMER,FALSE,C,B,70,2,,,,4,2 Days,2,TOYO
29580225MMI768950,3528707689504,768950,295/80R22.5 152/148M MICHELIN X MULTIWAY 3D XZE,394.33,295,80,22.5,M,152/148,,TRUCK,ALL SEASON,FALSE,C,B,72,1,C3,,,2,2 Days,2,MICHELIN
2257015RKU2171403,8808956141660,2171403,225/70R15 112/110R KUMHO PORTRAN CW51,73.33,225,70,15,R,112/110,,VAN,WINTER,FALSE,D,D,73,2,C2,,,12,2 Days,2,KUMHO
1856514TPI2686400,8019227268645,2686400,185/65R14 86T PIRELLI CINTURATO WINTER,49.17,185,65,14,T,86,,CAR,WINTER,FALSE,D,B,66,1,C1,,,8,In Stock,0,PIRELLI
2157015TKU2153243,8808956129989,2153243,215/70R15 109/107T KUMHO PORTRAN KC53,68.33,215,70,15,T,109/107,,VAN,SUMMER,FALSE,C,C,70,2,C2,,,12,2 Days,2,KUMHO
2255517YDU532681,5452000496959,532681,225/55R17 101Y DUNLOP SPORT MAXX RT 2 XL,121,225,55,17,Y,101,XL,CAR,SUMMER,FALSE,C,A,72,2,C1,,,4,2 Days,2,DUNLOP
2553019YPI1925000,8019227192506,1925000,255/30R19 91Y PIRELLI P ZERO R/F XL,6969,255,30,19,Y,91,XL,CAR,SUMMER,TRUE,D,B,73,2,C1,,,6,In Stock,0,PIRELLI
2156017HKU2141983,8808956119645,2141983,215/60R17 96H KUMHO KL21,101.83,215,60,17,H,96,,4X4 / SUV,SUMMER,FALSE,C,D,71,2,C1,,,13,2 Days,2,KUMHO
2254517WBR7913,3286340791311,BR7913,225/45R17 91W BRIDGESTONE TURANZA T001 RFT * BMW,104.45,225,45,17,W,91,,CAR,SUMMER,TRUE,C,B,70,2,C1,*,BMW,57,3 Days,55,BRIDGESTONE
1954516VFA303125,4250427407371,303125TR,195/45R16 84V FALKEN ZE914 ECORUN XL,63.33,195,45,16,V,84,XL,CAR,SUMMER,FALSE,E,B,70,2,C1,,,1,2 Days,2,FALKEN
2055516HBR3001,3286340300117,3001,205/55R16 91H BRIDGESTONE BLIZZAK LM32 AO,111,205,55,16,H,91,,CAR,WINTER,FALSE,F,E,72,2,C1,AO,,1,2 Days,2,BRIDGESTONE
2055516WLA21960400,8697322196041,21960400,205/55R16 LASSA IMPETUS REVO + 91W,57.57,205,55,16,W,91,,,,FALSE,D,C,72,3,,,,8,2 Days,2,LASSA
2556516VKU2150393,8808956127046,2150393,255/65R16 109V KUMHO KL17,102.67,255,65,16,V,109,,VAN,SUMMER,FALSE,C,C,72,2,C2,,,12,2 Days,2,KUMHO
2255517YMI351657,3528703516576,351657,225/55R17 97Y MICHELIN PRIMACY 3 Audi,152.67,225,55,17,Y,97,,CAR,SUMMER,FALSE,C,A,69,2,C1,AO,,4,2 Days,2,MICHELIN
2055516VYOF2890,4968814769635,F2890,205/55R16 91V YOKOHAMA AD08,114.33,205,55,16,V,91,,CAR,SUMMER,FALSE,E,B,75,3,C1,,,3,2 Days,2,YOKOHAMA
2454018YLA21954500,8697322195457,21954500,245/40R18 97Y LASSA DRIVEWAYS SPORT,108,245,40,18,Y,97,,CAR,SUMMER,FALSE,B,D,72,2,C1,,,100,2 Days,2,LASSA
1955015HBR2816,3286340281614,2816,195/50R15 82H BRIDGESTONE BLIZZAK LM30,59.17,195,50,15,H,82,,CAR,WINTER,FALSE,G,E,72,2,C1,,,24,2 Days,2,BRIDGESTONE
2055516VAV589630,29142846246,589630,205/55R16 91V AVON AZV7,57.5,205,55,16,V,91,,CAR,SUMMER,FALSE,D,A,70,2,C1,,,11,In Stock,0,AVON
2154017YKU2151093,8808956127749,2151093,215/40R17 87Y KUMHO KU39 XL,68.33,215,40,17,Y,87,XL,CAR,SUMMER,FALSE,D,A,71,2,C1,,,12,2 Days,2,KUMHO
2154517VKU2123703,8808956105860,2123703,215/45R17 91V KUMHO KW23 XL,72.5,215,45,17,V,91,XL,CAR,WINTER,FALSE,,,,,C1,,,12,2 Days,2,KUMHO
2157016TKU2153263,8808956130039,2153263,215/70R16 108/106T KUMHO PORTRAN KC53,80.83,215,70,16,T,108/106,,VAN,SUMMER,FALSE,C,C,72,2,C2,,,12,2 Days,2,KUMHO
2255517YPO15522680000,4019238659801,1552268000,225/55R17 101Y POINT S SUMMERSTAR SPORT 3 XL,57.5,225,55,17,Y,101,XL,CAR,SUMMER,FALSE,E,C,72,2,C1,,,8,2 Days,2,POINT S
2055516VOV200E2015,6953913150307,200E2015,205/55R16 91V OVATION VI-682,50.33,205,55,16,V,91,,CAR,SUMMER,FALSE,D,C,71,2,C1,,,1,2 Days,2,OVATION
1856514HRARGC0026,8886459502294,RGC0026,185/65R14 86H RADAR RIVERA PRO-2,45,185,65,14,H,86,,CAR,SUMMER,FALSE,D,C,70,2,C1,,,18,In Stock,0,RADAR
2055516HMI783595,3528707835956,783595,205/55R16 91H MICHELIN ENERGY SAVER *,100.17,205,55,16,H,91,,CAR,SUMMER,FALSE,C,A,70,2,C1,*,,7,2 Days,2,MICHELIN
2754018WWIW11618,6970146110922,W11618,275/40R18 103W WINRUN R330 XL,32.5,275,40,18,W,103,XL,CAR,SUMMER,FALSE,C,C,71,2,C1,,,24,2 Days,2,WINRUN
2056515TKU2166213,8808956151249,2166213,205/65R15 102/100T KUMHO PORTRAN CW51,70.83,205,65,15,T,102/100,,VAN,WINTER,FALSE,E,D,71,2,C2,,,12,2 Days,2,KUMHO
2055516VBR3521,3286340352116,3521,205/55R16 91V BRIDGESTONE TURANZA ER300 MO,123.5,205,55,16,V,91,,CAR,SUMMER,FALSE,E,B,70,2,C1,MO,,3,2 Days,2,BRIDGESTONE
2057514RKU2101753,8808956089450,2101753,205/75R14 109/107R KUMHO 857,56.67,205,75,14,R,109/107,,VAN,SUMMER,FALSE,D,C,72,2,C2,,,12,2 Days,2,KUMHO
2055516WDU528118,3188649817467,528118,205/55R16 91W DUNLOP SPORT MAXX RT AO AUDI,54.17,205,55,16,W,91,,CAR,SUMMER,FALSE,C,B,69,2,C1,AO,AUDI,8,2 Days,2,DUNLOP
2055516HHA1020150,8808563401720,1020150,205/55R16 91H HANKOOK VENTUS PRIME3 K125,56.53,205,55,16,H,91,,CAR,SUMMER,FALSE,C,B,71,2,C1,,,2,2 Days,2,HANKOOK
2355517VKU2155233,8808956140144,2155233,235/55R17 99V KUMHO CRUGEN HP91,103.5,235,55,17,V,99,,4X4 / SUV,SUMMER,FALSE,D,C,71,2,C1,,,11,2 Days,2,KUMHO
2055516HYOR2454,4968814925499,R2454,205/55R16 91H YOKOHAMA ES32,106,205,55,16,H,91,,CAR,SUMMER,FALSE,C,B,68,1,C1,,,4,2 Days,2,YOKOHAMA
2257516HKU1785413,8808956061166,1785413,225/75R16 104H KUMHO KL16,75.83,225,75,16,H,104,,4X4 / SUV,SUMMER,FALSE,C,C,71,2,C1,,,12,2 Days,2,KUMHO
2255517YNOT430830,6419440348827,T430830,225/55R17 101Y NOKIAN POWERPROOF,104.33,225,55,17,Y,101,,CAR,SUMMER,FALSE,C,A,69,1,,,,8,2 Days,2,NOKIAN
1956515VTO2213375,4981910734857,2213375,195/65R15 91V TOYO PROXES CF2,46.67,195,65,15,V,91,,CAR,SUMMER,FALSE,C,B,70,2,,,,10,In Stock,0,TOYO
2154018YRADSC0445,8886459525040,DSC0445,215/40R18 89Y RADAR DIMAX R8+ XL,31.92,215,40,18,Y,89,XL,CAR,SUMMER,FALSE,C,B,72,2,C1,,,17,In Stock,0,RADAR
2055516WZE03.018.01,6921109014535,03.018.01,205/55R16 94W ZETA ZTR10 XL,29.23,205,55,16,W,94,XL,CAR,SUMMER,FALSE,C,C,72,2,,,,30,In Stock,0,ZETA
2457516SKU2136053,8808956115548,2136053,245/75R16 120/116S KUMHO KL51,105.17,245,75,16,S,120/116,,VAN,SUMMER,FALSE,,,,,C2,,,12,2 Days,2,KUMHO
3856522.5LMI233696,3528702336960,233696,385/65R22.5 158/160L MICHELIN XFN 2,156,385,65,22.5,L,158/160,,TRUCK,WINTER,FALSE,D,C,72,2,C3,,,12,2 Days,2,MICHELIN
2157015RKU2171463,8808956141707,2171463,215/70R15 109/107R KUMHO PORTRAN CW51,76.67,215,70,15,R,109/107,,VAN,WINTER,FALSE,D,D,71,2,C2,,,12,2 Days,2,KUMHO
1556513TTRYSTX2R1303,6956647619560,YSTX2R1303,155/65R13 73T TRACMAX X-PRIVILO TX2,26.67,155,65,13,T,73,,CAR,SUMMER,FALSE,C,C,70,2,C1,,,30,In Stock,0,TRACMAX
2154018WWIW10818,6970146110885,W10818,215/40R18 89W WINRUN R330 XL,51.67,215,40,18,W,89,XL,CAR,SUMMER,FALSE,C,C,71,2,C1,,,20,2 Days,2,WINRUN
2055516VRARAHSCN0005,8886459518806,RSC0156,205/55R16 91V RADAR DIMAX SPRINT,50,205,55,16,V,91,,Car,SUMMER,FALSE,C,B,71,2,C1,,,8,2 Days,2,RADAR
2256516TKU1752123,8808956053253,1752123,225/65R16 104T KUMHO,77.5,225,65,16,T,104,XL,CAR,SUMMER,FALSE,C,D,72,2,C1,,,9,2 Days,2,KUMHO
2056516HKU2116023,8808956099947,2116023,205/65R16 95H KUMHO KH17,64.17,205,65,16,H,95,,CAR,SUMMER,FALSE,,,,,C1,,,120,2 Days,2,KUMHO
2154018WPI1825400,8019227182545,1825400,215/40R18 89W PIRELLI PZERO NERO,154.33,215,40,18,W,89,,,,FALSE,E,B,72,2,,,,96,2 Days,2,PIRELLI
2154018VNAJY100,4717622033960,JY100,215/40R18 89V NANKANG SV-2 XL,72.95,215,40,18,V,89,XL,CAR,WINTER,FALSE,D,C,71,2,C1,,,88,2 Days,2,NANKANG
2255517YLA6900532560963,6900532560963,ZLS4545952,225/55R17 97Y LANDSAIL LS388 RUNFLAT,50,225,55,17,Y,97,,CAR,SUMMER,TRUE,D,A,68,1,C1,,,8,2 Days,2,LANDSAIL
1855515HDUDN127,5420068613328,DN127,185/55R15 82H DURATURN MOZZO S,30,185,55,15,H,82,,CAR,SUMMER,FALSE,B,B,70,2,,,,7,In Stock,0,DURATURN
2055516VYOF5064,4968814806026,F5064,205/55R16 91V YOKOHAMA A460,77.5,205,55,16,V,91,,CAR,SUMMER,FALSE,D,D,71,2,,,,4,2 Days,2,YOKOHAMA
2255517YME2255517MEMPASRFTY,6900532685420,2255517MEMPASRFTY,225/55R17 97Y MEMBAT PASSION RFT Y,56.53,225,55,17,Y,97,,CAR,SUMMER,TRUE,D,A,71,2,,,,8,2 Days,2,MEMBAT
2255517YYOF1639,4968814745004,F1639,225/55R17 101Y YOKOHAMA V103 Y,130.17,225,55,17,Y,101,Y,CAR,SUMMER,FALSE,E,C,75,3,C1,,,8,2 Days,2,YOKOHAMA
2055516HPO15515310000,4019238441109,15515310000,205/55R16 91H POINT S SUMMERSTAR 2,25.18,205,55,16,H,91,,CAR,SUMMER,FALSE,E,C,71,2,C1,,,20,In Stock,0,POINT S
2055516VIN221001218,6959956760596,221001218,205/55R16 91V INFINITY ECOSIS,49.17,205,55,16,V,91,,CAR,SUMMER,FALSE,C,C,71,2,C1,,,1,2 Days,2,INFINITY
2055516WALR3081,4968814933807,R3081,205/55R16 91W ALLIANCE AL30,40.83,205,55,16,W,91,,CAR,SUMMER,FALSE,C,C,71,2,,,,50,2 Days,2,ALLIANCE
2156516RKU2171423,8808956141684,2171423,215/65R16 109/107R KUMHO PORTRAN CW51,100.17,215,65,16,R,109/107,,VAN,WINTER,FALSE,D,C,71,2,C2,,,12,2 Days,2,KUMHO
2254517YMI162564,3528701625645,162564,225/45R17 94Y MICHELIN PILOT SPORT CUP 2 XL,129.63,225,45,17,Y,94,XL,CAR,SUMMER,FALSE,D,C,70,2,C1,,,30,In Stock,0,MICHELIN
2354019YZE03.103.01,6921109031570,03.103.01,235/40R19 96Y ZETA ALVENTI XL,20,235,40,19,Y,96,XL,CAR,SUMMER,FALSE,B,B,72,2,,,,10,In Stock,0,ZETA
2058016QKU1853913,8808956066277,1853913,205/80R16 104Q KUMHO ROAD VENTURE KL71 XL,73.33,205,80,16,Q,104,XL,4X4 / SUV,SUMMER,FALSE,,,,,C1,,,12,2 Days,2,KUMHO
2254517YTO3961000,4981910788867,3961000,225/45R17 94Y TOYO PROXES SPORT XL,6969,225,45,17,Y,94,XL,CAR,SUMMER,FALSE,D,A,71,2,,,,30,In Stock,0,TOYO
2254517YRADSC0741,8886459533571,DSC0741,225/45R17 94Y RADAR DIMAX R8+ XL,48.59,225,45,17,Y,94,XL,CAR,SUMMER,FALSE,C,A,72,2,C1,,,30,In Stock,0,RADAR
2356517VKU2166093,8808956144043,2166093,235/65R17 104V KUMHO CRUGEN HP91,103.5,235,65,17,V,104,,4X4 / SUV,SUMMER,FALSE,C,C,71,2,C1,,,12,2 Days,2,KUMHO
2157516RKU2142643,8808956120962,2142643,215/75R16 113/111R KUMHO PORTRAN KC53,80.83,215,75,16,R,113/111,,VAN,SUMMER,FALSE,C,C,71,2,C2,,,12,2 Days,2,KUMHO
2155518HKU1768213,8808956065140,1768213,215/55R18 95H KUMHO KH11,101.83,215,55,18,H,95,,CAR,SUMMER,FALSE,D,C,71,2,C1,,,12,2 Days,2,KUMHO
2055516VAU09.009.02,09.009.02,09.009.02,205/55R16 91V AUTOGUARD ES9000,44.17,205,55,16,V,91,,CAR,,FALSE,C,C,71,2,,,,3,2 Days,2,AUTOGUARD
2255517YMA15809340000,4050496724894,15809340000,225/55R17 101Y MATADOR MP47 XL,47.23,225,55,17,Y,101,XL,CAR,SUMMER,FALSE,D,C,72,2,C1,,,4,2 Days,2,MATADOR
2055516HJI3229001586,6922250402332,3229001586,205/55R16 94H JINYU YW51 XL,49.3,205,55,16,H,94,XL,CAR,WINTER,FALSE,D,C,71,,,,,4,2 Days,2,JINYU
2056515HKU2124543,8808956106744,2124543,205/65R15 94H KUMHO KW27,51.67,205,65,15,H,94,,CAR,WINTER,FALSE,C,D,71,2,C1,,,12,2 Days,2,KUMHO
2254517AYOK9719,4968814707606,K9719,225/45R17 0A YOKOHAMA A048 M,6969,225,45,17,A,0,,CAR,SUMMER,FALSE,G,B,72,3,C1,M,,6,In Stock,0,YOKOHAMA
2055516HJI3229001585,6922250402325,3229001585,205/55R16 91H JINYU YW51,55.5,205,55,16,H,91,,CAR,WINTER,FALSE,D,C,71,,,,,7,2 Days,2,JINYU
2055516TAVS290201,29142839699,S290201,205/55R16 91T AVON WT7(T) SNOW,1226.61,205,55,16,T,91,,CAR,WINTER,FALSE,D,B,71,2,C1,,,30,In Stock,0,AVON
2255517YHA1012368,8808563321363,1012368,225/55R17 97Y HANKOOK VENTUS S1 EVO 2 K117 VOLKSWAGEN,103.5,225,55,17,Y,97,,CAR,SUMMER,FALSE,C,B,71,2,C1,VOLKSWAGEN,,2,2 Days,2,HANKOOK
2055516VDU529442,5452000427670,529442,205/55R16 91V DUNLOP SPORT BLURESPONSE LRR,55,205,55,16,V,91,,CAR,SUMMER,FALSE,B,B,70,2,C1,LRR,,18,2 Days,2,DUNLOP
2357515QKU1854113,8808956066307,1854113,235/75R15 104/101Q KUMHO ROAD VENTURE KL71,106.83,235,75,15,Q,104/101,,4X4 / SUV,SUMMER,FALSE,,,,,C2,,,16,2 Days,2,KUMHO
1956515HIN221010853,5060292470436,221010853,195/65R15 91H INFINITY INF-040,57.57,195,65,15,H,91,,CAR,SUMMER,FALSE,E,D,72,,,,,2,2 Days,2,INFINITY
2354517VNE16475NX,8807622102172,16475NX,235/45R17 97V NEXEN NBLUE 4 SEASON XL,55,235,45,17,V,97,XL,4X4 / SUV,ALL SEASON,FALSE,D,C,70,2,C1,,,16,In Stock,0,NEXEN
2255517YGO548820,5452000818058,548820,225/55R17 101Y GOODYEAR EFFICIENTGRIP PERFORMANCE XL *,127.67,225,55,17,Y,101,XL,CAR,SUMMER,FALSE,A,B,71,2,C1,*,,8,2 Days,2,GOODYEAR
2357516HKU1785513,8808956061180,1785513,235/75R16 108H KUMHO KL16,80.83,235,75,16,H,108,,4X4 / SUV,SUMMER,FALSE,D,D,71,2,C1,,,12,2 Days,2,KUMHO
2157515QKU1891413,8808956071684,1891413,215/75R15 106/103Q KUMHO ROAD VENTURE KL71,103.5,215,75,15,Q,106/103,,4X4 / SUV,SUMMER,FALSE,,,,,C2,,,12,2 Days,2,KUMHO
2257015RKU2144173,8808956126254,2144173,225/70R15 112/110R KUMHO PORTRAN KC53,66.67,225,70,15,R,112/110,,VAN,SUMMER,FALSE,C,C,71,2,C2,,,12,2 Days,2,KUMHO
2055516HHA1007694,8808563267708,1007694,205/55R16 91H HANKOOK VENTUS S1 EVO K107 OE,100.17,205,55,16,H,91,,CAR,SUMMER,FALSE,D,B,70,2,,OE,,14,2 Days,2,HANKOOK
1656015TYOR0195,4968814893590,R0195,165/60R15 77T YOKOHAMA V903,53.43,165,60,15,T,77,,CAR,WINTER,FALSE,E,C,70,2,,,,4,2 Days,2,YOKOHAMA
2057015RKU2144253,8808956130572,2144253,205/70R15 106/104R KUMHO PORTRAN KC53,60,205,70,15,R,106/104,,VAN,SUMMER,FALSE,C,C,72,2,C2,,,12,2 Days,2,KUMHO
2055516HHA1009564,8808563289403,1009564,205/55R16 94H HANKOOK OPTIMO K415 XL VOLKSWAGEN,100.17,205,55,16,H,94,XL,CAR,SUMMER,FALSE,D,C,69,1,C1,VOLKSWAGEN,,2,2 Days,2,HANKOOK
2055516WZE6904532350210,6904532350210,6904532350210,205/55R16 94W ZENISES Z TYRE XL,123,205,55,16,W,94,XL,CAR,,FALSE,B,B,72,2,,,,10,In Stock,0,ZENISES
3153520WCO3542210000,4019238563122,354221000,315/35R20 110W CONTINENTAL CONTISPORTCONTACT 5 SSR XL * BMW,127.67,315,35,20,W,110,XL,CAR,SUMMER,TRUE,C,B,74,2,C1,*,BMW,10,2 Days,2,CONTINENTAL
2255517YMI536615,3528705366155,536615,225/55R17 97Y MICHELIN PRIMACY 3 * BMW,156,225,55,17,Y,97,,CAR,SUMMER,FALSE,C,B,69,2,C1,*,BMW,4,2 Days,2,MICHELIN
1756514TMI771116,3528707711168,771116,175/65R14 82T MICHELIN ENERGY SAVER+,62.5,175,65,14,T,82,,CAR,SUMMER,FALSE,C,B,68,2,C1,,,2,2 Days,2,MICHELIN
2657017QRARZD0006,8886459516079,RZD0006,265/70R17 121/118Q RADAR RENEGADE M/T (R7),70.83,265,70,17,Q,121/118,,VAN,ALL SEASON,FALSE,,,,,,,,2,2 Days,2,RADAR
2255517YCO590404,29142840985,S350511,225/55R17 97Y COOPER ZEON CS8,77.5,225,55,17,Y,97,,CAR,SUMMER,FALSE,D,A,70,2,C1,,,8,2 Days,2,COOPER
2454018YRADSC0372,8886459522735,DSC0372,245/40R18 97Y RADAR DIMAX R8 XL,119.33,245,40,18,Y,97,XL,CAR,SUMMER,FALSE,C,B,72,2,C1,,,100,2 Days,2,RADAR
1557013TVRAP15570013TQT5A00,8714692315688,AP15570013TQT5A00,155/70R13 75T VREDESTEIN QUATRAC 5,40,155,70,13,T,75,,CAR,ALL SEASON,FALSE,D,C,69,2,C1,,,10,In Stock,0,VREDESTEIN
2255516VKU2124653,8808956106881,2124653,225/55R16 99V KUMHO KW27,80.83,225,55,16,V,99,XL,CAR,WINTER,FALSE,D,D,72,2,C1,,,12,2 Days,2,KUMHO
2055516VSOJB307,4712487548406,JB307,205/55R16 94V SONAR SX-2,52.4,205,55,16,V,94,,CAR,SUMMER,FALSE,D,B,72,2,C1,,,5,2 Days,2,SONAR
1856514HTR6959753202602,6959753202602,6959753202602,185/65R14 86H TRIANGLE TR928,56.67,185,65,14,H,86,,CAR,SUMMER,FALSE,D,C,70,2,C1,,,10,In Stock,0,TRIANGLE
2255517YGO549696,5452000824554,549696,225/55R17 97Y GOODYEAR EAGLE F1 (ASYMMETRIC) 5,125.17,225,55,17,Y,97,,CAR,SUMMER,FALSE,C,A,71,2,C1,,,4,2 Days,2,GOODYEAR
2055516WAC1200028654,8997020613391,6M339,205/55R16 94W ACCELERA PHI XL,82.5,205,55,16,W,94,XL,CAR,SUMMER,FALSE,C,C,70,2,C1,,,11,In Stock,0,ACCELERA
2454018YMI942166,3528709421669,942166,245/40R18 97Y MICHELIN PILOT SPORT 3 XL AO AUDI,206,245,40,18,Y,97,XL,CAR,SUMMER,FALSE,D,A,71,2,C1,AO,AUDI,2,2 Days,2,MICHELIN
2255517WYOF8092,4968814856045,F8092,225/55R17 101W YOKOHAMA AE50,61.67,225,55,17,W,101,XL,CAR,SUMMER,FALSE,C,A,71,2,,,,8,2 Days,2,YOKOHAMA
2055516VCO3507310000,4019238456080,350731000,205/55R16 91V CONTINENTAL CONTIPREMIUMCONTACT 2 * BMW,62.5,205,55,16,V,91,,CAR,SUMMER,FALSE,D,B,71,2,C1,*,BMW,37,2 Days,2,CONTINENTAL
2256517HKU2102913,8808956090753,2102913,225/65R17 102H KUMHO KL51,106,225,65,17,H,102,,VAN,SUMMER,FALSE,D,D,71,2,C2,,,12,2 Days,2,KUMHO
2055516VYOF4813,4968814802219,F4813,205/55R16 91V YOKOHAMA E70J LEXUS CT200,111.83,205,55,16,V,91,,CAR,SUMMER,FALSE,D,C,70,2,C1,LEXUS CT200,,4,2 Days,2,YOKOHAMA
2154018YTR6959753215947,6959753215947,6959753215947,215/40R18 89Y TRIANGLE TH201 XL,50.33,215,40,18,Y,89,XL,CAR,SUMMER,FALSE,D,C,72,2,C1,,,22,2 Days,2,TRIANGLE
1956515TJI3229000814,6922250402257,3229000814,195/65R15 91T JINYU YW51,57.57,195,65,15,T,91,,CAR,WINTER,FALSE,D,C,71,,,,,4,2 Days,2,JINYU
2354517HCO0353936000,4019238646535,353936000,235/45R17 94H CONTINENTAL WINTERCONTACT TS 850 P CONTISEAL,104.17,235,45,17,H,94,,CAR,WINTER,FALSE,C,C,72,2,C1,CONTISEAL,,20,In Stock,0,CONTINENTAL
1956515HFA6931519301200,6931519301200,6931519301200,195/65R15 91H FARROAD FRD16,35.83,195,65,15,H,91,,CAR,SUMMER,FALSE,C,C,71,2,,,,20,2 Days,2,FARROAD
2155516WMI628262,3528706282621,628262,215/55R16 93W MICHELIN PRIMACY 3,138.5,215,55,16,W,93,,CAR,SUMMER,FALSE,C,A,69,2,C1,,,2,2 Days,2,MICHELIN
2255517YCO3589030000,4019238020786,358903000,225/55R17 97Y CONTINENTAL PREMIUMCONTACT 6 SSR EVC,81.67,225,55,17,Y,97,,CAR,SUMMER,TRUE,C,A,71,2,C1,EVC,,8,2 Days,2,CONTINENTAL
1956516HCO0353890000,4019238629798,353890000,195/65R16 92H CONTINENTAL CONTIWINTERCONTACT TS 830 P *,84.17,195,65,16,H,92,,CAR,WINTER,FALSE,C,D,72,2,C1,*,,1,2 Days,2,CONTINENTAL
2055516VAUAS3522027012,6970310405342,3522027012,205/55R16 94V AUSTONE SP-801 ATHENA XL,52.4,205,55,16,V,94,XL,CAR,SUMMER,FALSE,D,C,71,2,C1,,,1,2 Days,2,AUSTONE
2255516WRARSC0109,8886459518226,RSC0109,225/55R16 99W RADAR RPX-800 XL,76.67,225,55,16,W,99,XL,CAR,SUMMER,FALSE,C,B,72,2,C1,,,8,In Stock,0,RADAR
2055516WJI3229001885,6922250401786,3229001885,205/55R16 94W JINYU YU63 XL,51.37,205,55,16,W,94,XL,CAR,SUMMER,FALSE,C,C,70,,,,,8,2 Days,2,JINYU
2055516VGR221011970,221011970,221011970,205/55R16 91V GREENMAX HP010,30,205,55,16,V,91,,CAR,SUMMER,FALSE,C,B,69,2,,,,4,2 Days,2,GREENMAX
2255517YBR5132,3286340513210,5132,225/55R17 97Y BRIDGESTONE TURANZA ER300 RFT * BMW,82.5,225,55,17,Y,97,,CAR,SUMMER,TRUE,D,C,71,2,C1,*,BMW,30,2 Days,2,BRIDGESTONE
2055516WGR221011335,221011335,221011335,205/55R16 94W GREENMAX XL,110.17,205,55,16,W,94,XL,CAR,SUMMER,FALSE,C,B,70,2,,,,4,2 Days,2,GREENMAX
1954516HZE46.045.01,6921109015914,46.045.01,195/45R16 84H ZETA ANTARCTICA 5 XL,57.57,195,45,16,H,84,XL,CAR,WINTER,FALSE,D,C,72,2,,,,1,2 Days,2,ZETA
2255517YMI743304,3528707433046,743304,225/55R17 97Y MICHELIN PRIMACY 3 ZP * MOE BMW & MERCEDES,176.83,225,55,17,Y,97,,CAR,SUMMER,TRUE,C,A,71,2,C1,* MOE,BMW & MERCEDES,8,2 Days,2,MICHELIN
2155516VGO528121,5452000650559,528121,215/55R16 97V GOODYEAR ULTRA GRIP PERFORMANCE 2 MS,133.5,215,55,16,V,97,XL,CAR,WINTER,FALSE,D,C,69,2,C1,,,23,2 Days,2,GOODYEAR
2255517YDU532433,5452000488268,532433,225/55R17 97Y DUNLOP SPORT MAXX RT 2 *MO BMW & MERCEDES,115.17,225,55,17,Y,97,,CAR,SUMMER,FALSE,B,B,70,2,C1,*MO,BMW & MERCEDES,4,2 Days,2,DUNLOP
2055516WBR6150,3286340615013,6150,205/55R16 91W BRIDGESTONE TURANZA ER300A RFT * BMW,114.34,205,55,16,W,91,,CAR,SUMMER,TRUE,D,B,69,2,C1,*,BMW,5,2 Days,2,BRIDGESTONE
2256017HKU2136213,8808956115739,2136213,225/60R17 99H KUMHO KL21,102.67,225,60,17,H,99,,4X4 / SUV,SUMMER,FALSE,C,C,71,2,C1,,,12,2 Days,2,KUMHO
2058216SCO471206000,4019238394054,471206000,205/82R16 110/108S CONTINENTAL 4X4CONTACT,75.83,205,82,16,S,110/108,,4X4 / SUV,ALL SEASON,FALSE,D,C,72,2,C2,,,28,2 Days,2,CONTINENTAL
2155518HKU2153913,8808956130770,2153913,215/55R18 99H KUMHO KC15 XL,103.5,215,55,18,H,99,XL,4X4 / SUV,WINTER,FALSE,,,,,C1,,,12,2 Days,2,KUMHO
2257015QKU2145573,8808956122829,2145573,225/70R15 112/110Q KUMHO,76.67,225,70,15,Q,112/110,,VAN,WINTER,FALSE,D,C,73,2,C2,,,12,2 Days,2,KUMHO
2256516SKU2124183,8808956106386,2124183,225/65R16 112/110S KUMHO 857,73.33,225,65,16,S,112/110,,VAN,SUMMER,FALSE,,,,,C2,,,12,2 Days,2,KUMHO
2157016HKU2126833,8808956109974,2126833,215/70R16 100H KUMHO KL21,70.83,215,70,16,H,100,,4X4 / SUV,SUMMER,FALSE,,,,,C1,,,12,2 Days,2,KUMHO
2255017HCO0353069000,4019238424607,353069000,225/50R17 94H CONTINENTAL CONTIWINTERCONTACT TS 810 S *,70.83,225,50,17,H,94,,CAR,WINTER,FALSE,D,D,72,2,C1,*,,1,2 Days,2,CONTINENTAL
2155517VMI345344,3528703453444,345344,215/55R17 94V MICHELIN PRIMACY 4+,118.09,215,55,17,V,94,,CAR,SUMMER,FALSE,C,A,69,2,C1,,,9,In Stock,0,MICHELIN
1856514HAC4M424,8997020614244,4M424,185/65R14 86H ACCELERA ECO PLUSH,28.51,185,65,14,H,86,,CAR,SUMMER,FALSE,D,C,68,2,C1,,,16,In Stock,0,ACCELERA
2055516VHA1017449,8808563376561,1017449,205/55R16 91V HANKOOK KINERGY ECO K425 REP,57.57,205,55,16,V,91,,CAR,SUMMER,FALSE,C,A,70,2,,REP,,3,2 Days,2,HANKOOK
2057015HOV200E2081,6953913151496,200E2081,205/70R15 96H OVATION VI-682,64.17,205,70,15,H,96,,CAR,SUMMER,FALSE,D,C,71,2,C1,,,7,2 Days,2,OVATION
2255517YCO3569880000,4019238645446,356988000,225/55R17 97Y CONTINENTAL CONTIPREMIUMCONTACT 5 AO AUDI,117.67,225,55,17,Y,97,,CAR,SUMMER,FALSE,C,A,71,2,C1,AO,AUDI,4,2 Days,2,CONTINENTAL
2255517YGE1554836,4032344002194,15548360000,225/55R17 101Y GENERAL ALTIMAX ONE S XL,47.23,225,55,17,Y,101,XL,CAR,SUMMER,FALSE,C,B,72,2,,,,8,2 Days,2,GENERAL
2055516VFI6851,3286340685115,6851,205/55R16 91V FIRESTONE FIREHAWK SZ90,58.33,205,55,16,V,91,,CAR,SUMMER,FALSE,E,A,71,2,C1,,,2,2 Days,2,FIRESTONE
2556017HKU2150463,8808956127114,2150463,255/60R17 106H KUMHO KL17,101.83,255,60,17,H,106,,VAN,SUMMER,FALSE,C,C,72,2,C2,,,12,2 Days,2,KUMHO
2457016HKU2150433,8808956127084,2150433,245/70R16 107H KUMHO,76.67,245,70,16,H,107,,VAN,SUMMER,FALSE,B,C,71,2,C2,,,12,2 Days,2,KUMHO
2354517HCO0353926000,4019238641165,353926000,235/45R17 94H CONTINENTAL WINTERCONTACT TS 850 P,55.83,235,45,17,H,94,,CAR,WINTER,FALSE,C,C,72,2,C1,,,25,In Stock,0,CONTINENTAL
2055516WKI1016344,8808563363776,1016344,205/55R16 91W KINGSTAR ROAD FIT SK10,47.23,205,55,16,W,91,,CAR,SUMMER,FALSE,D,C,70,2,C1,,,3,2 Days,2,KINGSTAR
2657015TKU1861213,8808956066420,1861213,265/70R15 112T KUMHO KL51,81.67,265,70,15,T,112,,4X4 / SUV,SUMMER,FALSE,D,D,71,2,C1,,,12,2 Days,2,KUMHO
2055516HAPAL20555016HAW4A02,8714692293344,AL20555016HAW4A02,205/55R16 94H APOLLO ALNAC 4G WINTER XL,42.5,205,55,16,H,94,XL,CAR,WINTER,FALSE,D,C,71,2,C1,,,8,2 Days,2,APOLLO
2354017YKU2148143,8808956124755,2148143,235/40R17 94Y KUMHO KU39 XL,75.83,235,40,17,Y,94,XL,CAR,SUMMER,FALSE,,,,,C1,,,12,2 Days,2,KUMHO
2255518HGO563334,5452000864697,563334,225/55R18 97H GOODYEAR EAGLE LS-2,134.33,225,55,18,H,97,,4X4 / SUV,SUMMER,FALSE,C,C,71,2,C1,,,3,2 Days,2,GOODYEAR
2055516VDU528523,3188649819256,528523,205/55R16 91V DUNLOP SPORT BLURESPONSE,57.57,205,55,16,V,91,,CAR,SUMMER,FALSE,B,A,68,1,C1,,,6,2 Days,2,DUNLOP
1856514HAV589675,29142904069,S700210,185/65R14 86H AVON AZT7,38.33,185,65,14,H,86,,CAR,SUMMER,FALSE,C,B,68,2,C1,,,1,2 Days,2,AVON
2255517WKU2172773,8808956139926,2172773,225/55R17 97W KUMHO HP91,103.5,225,55,17,W,97,,VAN,SUMMER,FALSE,D,C,71,2,C2,,,12,2 Days,2,KUMHO
2055516VHA1007695,8808563267715,1007695,205/55R16 91V HANKOOK VENTUS S1 EVO K107 OE,53.33,205,55,16,V,91,,CAR,SUMMER,FALSE,D,B,70,2,,OE,,2,2 Days,2,HANKOOK
23575175MMI541269,3528705412692,541269,235/75R17.5 132/130M MICHELIN X MULTI Z,343.5,235,75,17.5,M,132/130,,TRUCK,ALL SEASON,FALSE,D,B,69,1,C3,,,2,2 Days,2,MICHELIN
2255518HKU2127293,8808956115364,2127293,225/55R18 98H KUMHO KL21,106,225,55,18,H,98,,4X4 / SUV,SUMMER,FALSE,,,,,C1,,,12,2 Days,2,KUMHO
2055516WDU528524,3188649819263,528524,205/55R16 91W DUNLOP SPORT BLURESPONSE,53.33,205,55,16,W,91,,CAR,SUMMER,FALSE,B,A,68,1,C1,,,3,2 Days,2,DUNLOP
2055516VAPAP1991H1,6924064123809,AP1991H1,205/55R16 91V APLUS A609,41.67,205,55,16,V,91,,CAR,SUMMER,FALSE,D,C,71,2,C1,,,6,In Stock,0,APLUS
